YEAR,STATE NAME,CONSTITUENCY NAME,CONSTITUENCY NO,WINNER CANDIDATE NAME,GENDER,PARTY NAME,PARTY SYMBOL,TOTAL ELECTORS,TOTAL NUMBER OF VOTERS (MARGIN),VOTE %,Category,VOTES CASTED,Election Type
1996,Andhra Pradesh,Nandyal,27,Bhuma Nagi Reddy,Male,Telugu Desam Party,Bicycle,1123437,440150,0.8094,General,707384,Lok Sabha Bypoll (National)
2002,Andhra Pradesh,Amalapuram,9,Ganti Vijaya Kumari,Female,Telugu Desam Party,Bicycle,997557,313660,0.9082,Scheduled Caste,376457,Lok Sabha Bypoll (National)
2006,Andhra Pradesh,Bobbili,3,Jhansi Lakshmi Botcha,Female,Indian National Congress,Hand,1015497,157,0.4752,General,703400,Lok Sabha Bypoll (National)
2006,Andhra Pradesh,Karimnagar,37,K. Chandra Shakher Rao,Male,Telangana Rashtra Samithi,Car,1419685,201582,0.4761,General,793932,Lok Sabha Bypoll (National)
2008,Andhra Pradesh,Karimnagar,37,K. Chandra Shekhar Rao,Male,Telangana Rashtra Samithi,Car,1452946,15765,0.3666,General,735241,Lok Sabha Bypoll (National)
2008,Andhra Pradesh,Hanamkonda,38,Boianapalli Vinod Kumar,Male,Telangana Rashtra Samithi,Car,1256358,55264,0.4109,General,767414,Lok Sabha Bypoll (National)
2008,Andhra Pradesh,Warangal,39,Errabelli Dayakar Rao,Male,Telugu Desam Party,Bicycle,1247939,4386,0.3406,General,843499,Lok Sabha Bypoll (National)
2008,Andhra Pradesh,Adilabad,35,Allola Indrakaran Reddy,Male,Indian National Congress,Hand,1154367,25970,0.3412,General,811465,Lok Sabha Bypoll (National)
2011,Andhra Pradesh,Kadapa,38,Y.S. JAGAN MOHAN REDDY,Male,Yuvajana Sramika Rythu Congress Party,Ceiling Fan,1329626,545672,0.6715,General,1030978,Lok Sabha Bypoll (National)
2021,Andhra Pradesh,Tirupathi,23,MADDILA GURUMOORTHY,Male,Yuvajana Sramika Rythu Congress Party,Ceiling Fan,1711195,271592,0.5748,Scheduled Caste,1105468,Lok Sabha Bypoll (National)
1996,Andhra Pradesh,Harishchandrapuram,4,Atchannaidu Kinjarapu,Male,Telugu Desam Party,Bicycle,140536,32206,0.6176,General,103285,Vidhan Sabha Bypoll (State)
1996,Andhra Pradesh,Pathapatnam,6,Lakshmi Parvathi N.,Female,Telugu Desam Party (Lakshmi Parvathi),Lion,126691,14148,0.4899,General,90187,Vidhan Sabha Bypoll (State)
1996,Andhra Pradesh,Narasipatnam,36,Ch. Ayyanna Patrudu,Male,Telugu Desam Party,Bicycle,134812,18452,0.521,General,115170,Vidhan Sabha Bypoll (State)
1996,Andhra Pradesh,Mummidivaram,53,G.M.C. Balayogi,Male,Telugu Desam Party,Bicycle,128450,12341,0.498,Scheduled Caste,92114,Vidhan Sabha Bypoll (State)
1996,Andhra Pradesh,Nagaram,57,K. S. R. Murthy,Male,Indian National Congress,Hand,121440,5612,0.453,General,85412,Vidhan Sabha Bypoll (State)
1996,Andhra Pradesh,Narasapur,59,Kothapalli Janakiram,Male,Telugu Desam Party,Bicycle,158343,5677,0.5051,General,119576,Vidhan Sabha Bypoll (State)
1996,Andhra Pradesh,Punganur,143,N. Amaranatha Reddy,Male,Telugu Desam Party,Bicycle,152410,22401,0.554,General,115420,Vidhan Sabha Bypoll (State)
1996,Andhra Pradesh,Hindupur,164,Nandamuri Harikrishna,Male,Telugu Desam Party,Bicycle,182243,58210,0.72,General,119447,Vidhan Sabha Bypoll (State)
1996,Andhra Pradesh,Penukonda,166,Paritala Ravindra,Male,Telugu Desam Party,Bicycle,161165,60010,0.7713,General,110691,Vidhan Sabha Bypoll (State)
1996,Andhra Pradesh,Dhone,181,K.E. Prabhakar,Male,Telugu Desam Party,Bicycle,148650,15302,0.512,General,102415,Vidhan Sabha Bypoll (State)
1996,Andhra Pradesh,Jadcherla,192,M. Chandra Sekhar,Male,Telugu Desam Party,Bicycle,163515,47735,0.6846,General,114670,Vidhan Sabha Bypoll (State)
1996,Andhra Pradesh,Kodangal,200,G. Gurunath Reddy,Male,Telugu Desam Party,Bicycle,155420,12411,0.489,General,98450,Vidhan Sabha Bypoll (State)
1996,Andhra Pradesh,Nirmal,240,S. Venugopala Chary,Male,Telugu Desam Party,Bicycle,142310,14203,0.542,General,108640,Vidhan Sabha Bypoll (State)
1996,Andhra Pradesh,Jagtial,256,L. Ramana,Male,Telugu Desam Party,Bicycle,151240,18342,0.531,General,99410,Vidhan Sabha Bypoll (State)
1996,Andhra Pradesh,Mulug,273,Ajmeera Chandulal,Male,Telugu Desam Party,Bicycle,138420,10211,0.474,Scheduled Tribe,103142,Vidhan Sabha Bypoll (State)
1996,Andhra Pradesh,Sujanagar,281,B. Venkateswara Rao,Male,Communist Party of India (Marxist),Sickle & Hammer,144560,8452,0.442,General,92140,Vidhan Sabha Bypoll (State)
1997,Andhra Pradesh,Darsi,121,Narapusetty Papa Rao,Male,Telugu Desam Party,Bicycle,190940,8401,0.5253,General,122683,Vidhan Sabha Bypoll (State)
1997,Andhra Pradesh,Allagadda,183,Bhuma Shobha Rani,Female,Telugu Desam Party,Bicycle,170560,47161,0.7181,General,106571,Vidhan Sabha Bypoll (State)
1998,Andhra Pradesh,Hanamkonda (LS),270,Dr. P. V. Ranga Rao,Male,Indian National Congress,Hand,230400,2960,0.356,General,133948,Vidhan Sabha Bypoll (State)
1998,Andhra Pradesh,Madhira (LA),278,Katta Venkatanarasaiah,Male,Communist Party of India (Marxist),Hammer & Sickle,180883,4020,0.3508,General,144008,Vidhan Sabha Bypoll (State)
1998,Andhra Pradesh,Mummidivaram,43,Chelli Vivekananda,Male,Telugu Desam Party,Bicycle,134965,17778,0.6073,Scheduled Caste,82094,Vidhan Sabha Bypoll (State)
1998,Andhra Pradesh,Attili,66,Dandu Sivarama Raju,Male,Telugu Desam Party,Bicycle,140109,45566,0.7051,General,98414,Vidhan Sabha Bypoll (State)
1998,Andhra Pradesh,Andole,229,P. Babu Mohan,Male,Telugu Desam Party,Bicycle,139947,10554,0.5469,Scheduled Caste,100497,Vidhan Sabha Bypoll (State)
1998,Andhra Pradesh,Metpalli,258,Komi Reddy Jyothi Devi,Female,Indian National Congress,Hand,162693,3885,0.3452,General,100210,Vidhan Sabha Bypoll (State)
2000,Andhra Pradesh,Gudivada,85,Raavi Venkateswara Rao,Male,Telugu Desam Party,Bicycle,168159,31997,0.65,General,96315,Vidhan Sabha Bypoll (State)
2000,Andhra Pradesh,Chevella,204,Patlolla Sabitha,Female,Indian National Congress,Hand,208250,29909,0.5868,General,143912,Vidhan Sabha Bypoll (State)
2000,Andhra Pradesh,Bhongir,292,Alimineti Uma Devi,Female,Telugu Desam Party,Bicycle,179978,46488,0.613,General,127886,Vidhan Sabha Bypoll (State)
2001,Andhra Pradesh,Giddalur,123,Pidathala Sai Kalpana,Female,Telugu Desam Party,Bicycle,151326,12242,0.528,General,104506,Vidhan Sabha Bypoll (State)
2001,Andhra Pradesh,Badvel,155,Bijivemula Koneti Reddy,Male,Telugu Desam Party,Bicycle,153842,15312,0.534,General,112456,Vidhan Sabha Bypoll (State)
2001,Andhra Pradesh,Vuyyuru,84,Anne Vijaya Lakshmi,Female,Telugu Desam Party,Bicycle,124379,16451,0.5828,General,89951,Vidhan Sabha Bypoll (State)
2001,Andhra Pradesh,Siddipet,220,K. Chandrashekar Rao,Male,Telangana Rashtra Samithi,Car,174864,58712,0.7235,General,114205,Vidhan Sabha Bypoll (State)
2002,Andhra Pradesh,Deverakonda (ST),294,Smt. Deeravath Bharathi,Female,Indian National Congress,Hand,181197,Un-contested,0,Scheduled Tribe,0 (Elected Unopposed),Vidhan Sabha Bypoll (State)
2002,Andhra Pradesh,Medak,227,Karanam Uma Devi,Female,Telugu Desam Party,Bicycle,170857,6960,0.3723,General,116729,Vidhan Sabha Bypoll (State)
2003,Andhra Pradesh,Karwan,215,Mohd. Muqtada Khan,Male,All India Majlis-e-Ittehadul Muslimeen,Kite,295902,19716,0.5151,General,130831,Vidhan Sabha Bypoll (State)
2004,Andhra Pradesh,Siddipet,220,Harish Rao. T,Male,Telangana Rashtra Samithi,Car,167565,24829,0.5576,General,115460,Vidhan Sabha Bypoll (State)
2004,Andhra Pradesh,Asafnagar,213,Mohd Moazam Khan,Male,All India Majlis-e-Ittehadul Muslimeen,Kite,184868,2110,0.3658,General,70311,Vidhan Sabha Bypoll (State)
2005,Andhra Pradesh,Penukonda,166,Paritala Sunithamma,Female,Telugu Desam Party,Car,168774,18852,0.5498,General,119544,Vidhan Sabha Bypoll (State)
2005,Andhra Pradesh,Makthal,199,Chittemram Mohan Reddy,Male,Indian National Congress,Hand,184294,40079,0.6561,General,98886,Vidhan Sabha Bypoll (State)
2006,Andhra Pradesh,Visakhapatnam-I,24,Dronamraju Satyanarayana,Male,Indian National Congress,Hand,132586,14150,0.5921,General,58882,Vidhan Sabha Bypoll (State)
2008,Andhra Pradesh,Therlam,12,Thentu Lakshmu Naidu,Male,Telugu Desam Party,Bicycle,139040,42280,0.7439,General,75094,Vidhan Sabha Bypoll (State)
2008,Andhra Pradesh,Jadcherla,192,Dr. Mallu Ravi,Male,Indian National Congress,Hand,180894,2106,0.3743,General,120678,Vidhan Sabha Bypoll (State)
2008,Andhra Pradesh,Vikarabad,202,G. Prasad Kumar,Male,Indian National Congress,Hand,184735,28892,0.5399,Scheduled Caste,125601,Vidhan Sabha Bypoll (State)
2008,Andhra Pradesh,Musheerabad,206,T. Manemma,Female,Indian National Congress,Hand,222999,2075,0.3122,General,111442,Vidhan Sabha Bypoll (State)
2008,Andhra Pradesh,Secunderabad,209,Talasani Srinivas Yadav,Male,Telugu Desam Party,Bicycle,208181,18067,0.4152,General,120487,Vidhan Sabha Bypoll (State)
2008,Andhra Pradesh,Khairatabad,210,P. Vishnuvardhan Reddy,Male,Indian National Congress,Hand,1049850,196269,0.6699,General,380145,Vidhan Sabha Bypoll (State)
2008,Andhra Pradesh,Siddipet,220,Tanneru Harish Rao,Male,Telangana Rashtra Samithi,Car,179272,58935,0.6725,General,113405,Vidhan Sabha Bypoll (State)
2008,Andhra Pradesh,Dommat,221,Solipeta Ramlinga Reddy,Male,Telangana Rashtra Samithi,Car,147107,5142,0.3964,General,106820,Vidhan Sabha Bypoll (State)
2008,Andhra Pradesh,Yellareddy,233,Janardhan Goud B.,Male,Indian National Congress,Hand,165676,12345,0.3917,General,119555,Vidhan Sabha Bypoll (State)
2008,Andhra Pradesh,Dichpalli,238,Akula Lalitha,Female,Indian National Congress,Hand,152024,8448,0.3722,General,106795,Vidhan Sabha Bypoll (State)
2008,Andhra Pradesh,Khanapur,243,Suman Ramesh Rathod,Female,Telugu Desam Party,Bicycle,159421,713,0.3719,Scheduled Tribe,108064,Vidhan Sabha Bypoll (State)
2008,Andhra Pradesh,Myadaram,250,Koppula Eshwar,Male,Telangana Rashtra Samithi,Car,288461,28137,0.456,Scheduled Caste,136208,Vidhan Sabha Bypoll (State)
2008,Andhra Pradesh,Huzurabad,251,Capt. V. L. Kantha Rao,Male,Telangana Rashtra Samithi,Car,188123,20820,0.4472,General,119752,Vidhan Sabha Bypoll (State)
2008,Andhra Pradesh,Kamalapur,252,Etala Rajender,Male,Telangana Rashtra Samithi,Car,187708,22284,0.4453,General,121455,Vidhan Sabha Bypoll (State)
2008,Andhra Pradesh,Cheriyal,261,Pratap Reddy Kommuri,Male,Telangana Rashtra Samithi,Car,149495,14464,0.471,General,96133,Vidhan Sabha Bypoll (State)
2008,Andhra Pradesh,Ghanpur,268,Kadiyam Sri Hari,Male,Telugu Desam Party,Bicycle,159817,4118,0.3576,Scheduled Caste,110894,Vidhan Sabha Bypoll (State)
2008,Andhra Pradesh,Alair,291,Dr. Kududula Nagesh,Male,Telangana Rashtra Samithi,Car,163195,3924,0.3927,Scheduled Caste,116810,Vidhan Sabha Bypoll (State)
2009,Andhra Pradesh,Tekkali,122,Korla Bharathi,Female,Indian National Congress,HAND,179606,7173,0.4454,General,133041,Vidhan Sabha Bypoll (State)
2009,Andhra Pradesh,Pulivendla,248,Y. S. Vijayamma,Female,Indian National Congress,HAND,"1,89,246*",0,1,General,0,Vidhan Sabha Bypoll (State)
2010,Andhra Pradesh,Sirpur,1,Kaveti Sammaiah,Male,Telangana Rashtra Samithi,CAR,155377,15229,0.4427,General,127084,Vidhan Sabha Bypoll (State)
2010,Andhra Pradesh,Chennur,2,Nallala Odelu,Male,Telangana Rashtra Samithi,CAR,149252,44284,0.6045,Scheduled Caste,112300,Vidhan Sabha Bypoll (State)
2010,Andhra Pradesh,Mancherial,4,Aravind Reddy Gaddam,Male,Telangana Rashtra Samithi,CAR,202384,78047,0.7317,General,130251,Vidhan Sabha Bypoll (State)
2010,Andhra Pradesh,Yellareddy,15,Eanugu Ravinder Reddy,Male,Telangana Rashtra Samithi,CAR,190358,37662,0.523,General,138610,Vidhan Sabha Bypoll (State)
2010,Andhra Pradesh,Nizamabad Urban,17,Endala Lakshmi Narayana,Male,Bharatiya Janata Party,LOTUS,267338,11981,0.5312,General,120822,Vidhan Sabha Bypoll (State)
2010,Andhra Pradesh,Koratla,20,K. V. S. Rao,Male,Telangana Rashtra Samithi,CAR,193557,56525,0.6468,General,124453,Vidhan Sabha Bypoll (State)
2010,Andhra Pradesh,Dharmapuri,22,E. Koppula,Male,Telangana Rashtra Samithi,CAR,191950,58891,0.6797,Scheduled Caste,127577,Vidhan Sabha Bypoll (State)
2010,Andhra Pradesh,Vemulawada,28,Ramesh Chennamaneni,Male,Telangana Rashtra Samithi,CAR,184652,50451,0.6542,General,120987,Vidhan Sabha Bypoll (State)
2010,Andhra Pradesh,Sircilla,29,K. T. Rama Rao,Male,Telangana Rashtra Samithi,CAR,211463,68219,0.6605,General,133039,Vidhan Sabha Bypoll (State)
2010,Andhra Pradesh,Huzurabad,31,E. Rajender,Male,Telangana Rashtra Samithi,CAR,202359,79227,0.6736,General,138105,Vidhan Sabha Bypoll (State)
2010,Andhra Pradesh,Siddipet,33,T. Harish Rao,Male,Telangana Rashtra Samithi,CAR,186329,95878,0.8216,General,132422,Vidhan Sabha Bypoll (State)
2010,Andhra Pradesh,Warangal West,105,O. V. Bhaskar,Male,Telangana Rashtra Samithi,CAR,224209,67524,0.7485,General,118171,Vidhan Sabha Bypoll (State)
2011,Andhra Pradesh,Pulivendla,248,Y. S. Vijayamma,Female,Yuvajana Sramika Rythu Congress Party,CEILING FAN,189246,81373,0.7009,General,157098,Vidhan Sabha Bypoll (State)
2011,Andhra Pradesh,Banswada,14,Pocharam Srinivas Reddy,Male,Telangana Rashtra Samithi,CAR,159732,49889,0.6775,General,122871,Vidhan Sabha Bypoll (State)
2014,Andhra Pradesh,Nandigama,188,Tangirala Sowmya,Female,Telugu Desam Party,BICYCLE,184511,74827,0.7018,Scheduled Caste,140685,Vidhan Sabha Bypoll (State)
2014,Andhra Pradesh,Allagadda,253,Bhuma Akhila Priya Reddy,Female,Yuvajana Sramika Rythu Congress Party,CEILING FAN,205624,0,1,General,0,Vidhan Sabha Bypoll (State)
2015,Andhra Pradesh,Tirupati,167,Mannuru Suguna,Female,Telugu Desam Party,BICYCLE,294993,116524,0.8696,General,145064,Vidhan Sabha Bypoll (State)
2015,Andhra Pradesh,Kalva Kurthy,135,Chittem Rammohan Reddy,Male,Indian National Congress,HAND,198294,3924,0.4152,General,151002,Vidhan Sabha Bypoll (State)
2017,Andhra Pradesh,Nandyal,139,B. Brahmananda Reddy,Male,Telugu Desam Party,BICYCLE,219108,27466,0.5605,General,171956,Vidhan Sabha Bypoll (State)
2021,Andhra Pradesh,Badvel,124,Dasari Sudha,Female,Yuvajana Sramika Rythu Congress Party,CEILING FAN,216206,90533,0.7819,Scheduled Caste,143513,Vidhan Sabha Bypoll (State)
2022,Andhra Pradesh,Atmakur,115,Mekapati Vikram Reddy,Male,Yuvajana Sramika Rythu Congress Party,CEILING FAN,213400,82888,0.7681,General,133107,Vidhan Sabha Bypoll (State)
2009,Arunachal Pradesh,Arunachal West,1,Takam Sanjoy,Male,Indian National Congress,Hand,433368,1314,0.4915,General,285666,Lok Sabha Bypoll (National)
2009,Arunachal Pradesh,Arunachal East,2,Ninong Ering,Male,Indian National Congress,Hand,301173,68449,0.537,General,214930,Lok Sabha Bypoll (National)
2014,Arunachal Pradesh,Arunachal West,1,Kiren Rijiju,Male,Bharatiya Janata Party,Lotus,446515,41738,0.5046,General,337671,Lok Sabha Bypoll (National)
2014,Arunachal Pradesh,Arunachal East,2,Ninong Ering,Male,Indian National Congress,Hand,312872,12478,0.4533,General,263157,Lok Sabha Bypoll (National)
1996,Arunachal Pradesh,Basar (ST),29,Jobom Basar,Male,Independent,-,0*,Unopposed,0,Scheduled Tribe,0,Vidhan Sabha Bypoll (State)
1996,Arunachal Pradesh,Namsang (ST),54,Changkom Hondik,Male,Indian National Congress,Hand,7742,108,0.5095,Scheduled Tribe,5758,Vidhan Sabha Bypoll (State)
2001,Arunachal Pradesh,Pakke Kessang (ST),12,Nyani Natung,Female,Indian National Congress,Hand,6728,1223,0.6258,Scheduled Tribe,5010,Vidhan Sabha Bypoll (State)
2002,Arunachal Pradesh,Daporijo (ST),24,Yari Dulom,Female,Indian National Congress,Hand,14951,2952,0.6581,Scheduled Tribe,9331,Vidhan Sabha Bypoll (State)
2004,Arunachal Pradesh,Roing,43,Mukut Mithi,Male,Indian National Congress,Hand,9938,1337,0.6055,Scheduled Tribe,6337,Vidhan Sabha Bypoll (State)
2009,Arunachal Pradesh,Lumla,1,Jambey Tashi,Male,Indian National Congress,Hand,8022,Uncontested,0,Scheduled Tribe,0,Vidhan Sabha Bypoll (State)
2009,Arunachal Pradesh,Tawang,2,Tsewang Dhondup,Male,Indian National Congress,Hand,9812,Uncontested,0,Scheduled Tribe,0,Vidhan Sabha Bypoll (State)
2009,Arunachal Pradesh,Mukto,3,Dorjee Khandu,Male,Indian National Congress,Hand,6916,Uncontested,0,Scheduled Tribe,0,Vidhan Sabha Bypoll (State)
2009,Arunachal Pradesh,Dirang,4,Phurpa Tsering,Male,People's Party of Arunachal,Maize,13760,1533,0.851,Scheduled Tribe,11703,Vidhan Sabha Bypoll (State)
2009,Arunachal Pradesh,Pakke Kessang,12,Atum Welly,Male,Indian National Congress,Hand,6426,67,0.887,Scheduled Tribe,5703,Vidhan Sabha Bypoll (State)
2009,Arunachal Pradesh,Itanagar,13,Techi Kaso,Male,Nationalist Congress Party,Clock,57979,3386,0.51,Scheduled Tribe,29556,Vidhan Sabha Bypoll (State)
2009,Arunachal Pradesh,Sagalee,15,Nabam Tuki,Male,Indian National Congress,Hand,12005,3692,0.8,Scheduled Tribe,9600,Vidhan Sabha Bypoll (State)
2009,Arunachal Pradesh,Daporijo,24,Tapen Siga,Male,Bharatiya Janata Party,Lotus,17152,1203,0.744,Scheduled Tribe,12764,Vidhan Sabha Bypoll (State)
2009,Arunachal Pradesh,Basar,29,Gojen Gadi,Male,Indian National Congress,Hand,16904,3121,0.82,Scheduled Tribe,13864,Vidhan Sabha Bypoll (State)
2009,Arunachal Pradesh,Roing,43,Laeta Umbrey,Male,All India Trinamool Congress,Flowers & Grass,10420,2872,0.638,Scheduled Tribe,8341,Vidhan Sabha Bypoll (State)
2009,Arunachal Pradesh,Hayuliang,45,Kalikho Pul,Male,Indian National Congress,Hand,11105,8526,0.885,Scheduled Tribe,9600,Vidhan Sabha Bypoll (State)
2009,Arunachal Pradesh,Namsang,54,Wangki Lowang,Male,Indian National Congress,Hand,8420,2311,0.637,Scheduled Tribe,6734,Vidhan Sabha Bypoll (State)
2011,Arunachal Pradesh,Mukto (ST),3,Pema Khandu,Male,Indian National Congress,Hand,6783,Uncontested,0,Scheduled Tribe,0,Vidhan Sabha Bypoll (State)
2014,Arunachal Pradesh,Kanubari (ST),58,Gabriel Denwang Wangsu,Male,Indian National Congress,Hand,10406,885,0.5462,Scheduled Tribe,"9,577*",Vidhan Sabha Bypoll (State)
2014,Arunachal Pradesh,Mukto,3,Pema Khandu,Male,Indian National Congress,Hand,7120,Unopposed,0,Scheduled Tribe,0,Vidhan Sabha Bypoll (State)
2014,Arunachal Pradesh,Dirang,4,Phurpa Tsering,Male,Indian National Congress,Hand,13351,Unopposed,0,Scheduled Tribe,0,Vidhan Sabha Bypoll (State)
2014,Arunachal Pradesh,Seppa West,11,Mama Natung,Male,Indian National Congress,Hand,6207,Unopposed,0,Scheduled Tribe,0,Vidhan Sabha Bypoll (State)
2014,Arunachal Pradesh,Pakke-Kessang,12,Kameng Dolo,Male,Indian National Congress,Hand,6904,Unopposed,0,Scheduled Tribe,0,Vidhan Sabha Bypoll (State)
2014,Arunachal Pradesh,Doimukh,14,Nabam Rebia,Male,Indian National Congress,Hand,23474,Unopposed,0,Scheduled Tribe,0,Vidhan Sabha Bypoll (State)
2014,Arunachal Pradesh,Sagalee,15,Nabam Tuki,Male,Indian National Congress,Hand,12570,Unopposed,0,Scheduled Tribe,0,Vidhan Sabha Bypoll (State)
2014,Arunachal Pradesh,Palin,18,Takam Pario,Male,Indian National Congress,Hand,13811,Unopposed,0,Scheduled Tribe,0,Vidhan Sabha Bypoll (State)
2014,Arunachal Pradesh,Nyapin,19,Bamang Felix,Male,Indian National Congress,Hand,11632,Unopposed,0,Scheduled Tribe,0,Vidhan Sabha Bypoll (State)
2014,Arunachal Pradesh,Nacho,22,Tanga Byaling,Male,Indian National Congress,Hand,10455,Unopposed,0,Scheduled Tribe,0,Vidhan Sabha Bypoll (State)
2014,Arunachal Pradesh,Taliha,23,Punji Mara,Male,Indian National Congress,Hand,9541,Unopposed,0,Scheduled Tribe,0,Vidhan Sabha Bypoll (State)
2014,Arunachal Pradesh,Mebo,39,Lombo Tayeng,Male,Indian National Congress,Hand,10950,Unopposed,0,Scheduled Tribe,0,Vidhan Sabha Bypoll (State)
2015,Arunachal Pradesh,Liromoba (ST),27,Nyamar Karbak,Male,Indian National Congress,Hand,11667,119,0.3633,Scheduled Tribe,10490,Vidhan Sabha Bypoll (State)
2016,Arunachal Pradesh,Hayuliang (ST),45,Dasanglu Pul,Female,Bharatiya Janata Party,Lotus,11036,942,0.5485,Scheduled Tribe,9822,Vidhan Sabha Bypoll (State)
2017,Arunachal Pradesh,Pakke-Kessang,12,Biyuram Wahge,Male,Bharatiya Janata Party,Lotus,7468,479,0.9008,Scheduled Tribe,6727,Vidhan Sabha Bypoll (State)
2017,Arunachal Pradesh,Likabali,28,Kardo Nyigyor,Male,Bharatiya Janata Party,Lotus,10608,305,0.7237,Scheduled Tribe,7677,Vidhan Sabha Bypoll (State)
2023,Arunachal Pradesh,Lumla,1,Tsering Lhamu,Female,Bharatiya Janata Party,Lotus,9214,Unopposed,1,Scheduled Tribe,0 (Elected Unopposed),Vidhan Sabha Bypoll (State)
1971,Bihar,Chapra,7,Ramdeo Singh,Male,Indian National Congress,Hand,620000,28450,0.498,General,308760,Lok Sabha Bypoll (National)
1977,Bihar,Patna,8,Ram Nath Pandey,Male,Bharatiya Lok Dal,Other,745000,35670,0.524,General,390380,Lok Sabha Bypoll (National)
1980,Bihar,Begusarai,9,Yogendra Sharma,Male,Communist Party of India,Other,770000,22340,0.486,General,374220,Lok Sabha Bypoll (National)
1980,Bihar,Buxar,10,Anant Sharma,Male,Indian National Congress (I),Hand,790000,18970,0.473,General,373670,Lok Sabha Bypoll (National)
1984,Bihar,Samastipur,11,Lalu Prasad Yadav,Male,Indian National Congress,Hand,910000,45230,0.552,General,502320,Lok Sabha Bypoll (National)
1984,Bihar,Gopalganj,12,Kali Prasad,Male,Indian National Congress,Hand,785000,28560,0.528,General,414480,Lok Sabha Bypoll (National)
1984,Bihar,Hajipur,13,Ram Ratan Ram,Male,Indian National Congress,Hand,835000,42340,0.541,Scheduled Caste,451735,Lok Sabha Bypoll (National)
1984,Bihar,Barh,14,Prakash Chandra,Male,Indian National Congress,Hand,850000,38920,0.536,General,455600,Lok Sabha Bypoll (National)
1991,Bihar,Patna,15,Ram Lakhan Singh Yadav,Male,Janata Dal,Wheel,1175000,35670,0.521,General,612225,Lok Sabha Bypoll (National)
1991,Bihar,Purnea,16,Taslimudin,Male,Janata Dal,Wheel,925000,28450,0.508,General,469900,Lok Sabha Bypoll (National)
2004,Bihar,Madhepura,1,Rajesh Ranjan alias Pappu Yadav,Male,Rashtriya Janata Dal,Lantern,1187000,45230,0.543,General,644541,Lok Sabha Bypoll (National)
2009,Bihar,Maharajganj,2,Uma Shankar Singh,Male,Rashtriya Janata Dal,Lantern,1312000,38450,0.487,General,639144,Lok Sabha Bypoll (National)
2013,Bihar,Maharajganj,3,Prabhunath Singh,Male,Rashtriya Janata Dal,Lantern,1450000,42560,0.492,General,713400,Lok Sabha Bypoll (National)
2014,Bihar,Maharajganj,6,Ganesh Singh,Male,Bharatiya Janata Party,Other,1480000,52340,0.536,General,793280,Lok Sabha Bypoll (National)
2018,Bihar,Araria,4,Sarfaraz Alam,Male,Rashtriya Janata Dal,Lantern,1587000,60230,0.528,General,837936,Lok Sabha Bypoll (National)
2018,Bihar,Jehanabad,5,Chandeshwar Verma,Male,Rashtriya Janata Dal,Lantern,1350000,35670,0.504,General,680400,Lok Sabha Bypoll (National)
1991,Bihar,Jharia,Not Available,A. Devi,Female,Janata Dal,Wheel,Not Available,Not Available,Not Available,General,Not Available,Vidhan Sabha Bypoll (State)
1993,Bihar,Paliganj,46,Suresh Pasi,Male,Samajwadi Party,Bicycle,185000,6780,0.485,General,89725,Vidhan Sabha Bypoll (State)
1996,Bihar,Paliganj,47,Janardan Sharma,Male,Bharatiya Janata Party,Other,198000,8920,0.502,General,99396,Vidhan Sabha Bypoll (State)
1996,Bihar,Mashrakh,48,Ram Lakhan Yadav,Male,Rashtriya Janata Dal,Lantern,210000,7340,0.498,General,104580,Vidhan Sabha Bypoll (State)
1998,Bihar,Sheohar,49,Thakur Ratnakar,Male,Rashtriya Janata Dal,Lantern,225000,9870,0.513,General,115425,Vidhan Sabha Bypoll (State)
1998,Bihar,Koderma,50,Annapurna Devi,Female,Rashtriya Janata Dal,Lantern,215000,8450,0.506,General,108790,Vidhan Sabha Bypoll (State)
1998,Bihar,Adapur,51,Shyam Bihari Prasad,Male,Rashtriya Janata Dal,Lantern,205000,7120,0.494,General,101270,Vidhan Sabha Bypoll (State)
1998,Bihar,Purnia,52,Madhvi Sarkar,Female,Communist Party of India (Marxist),Other,235000,5670,0.478,General,112330,Vidhan Sabha Bypoll (State)
1998,Bihar,Belaganj,53,Mahesh Singh Yadav,Male,Rashtriya Janata Dal,Lantern,248000,10230,0.521,General,129208,Vidhan Sabha Bypoll (State)
2002,Bihar,Govindganj,54,Ramnath,Male,Independent,Rising Sun/Other,220000,4560,0.463,General,101860,Vidhan Sabha Bypoll (State)
2003,Bihar,Sitamarhi,55,Sunil Kumar,Male,Rashtriya Janata Dal,Lantern,275000,8340,0.496,General,136400,Vidhan Sabha Bypoll (State)
2003,Bihar,Fatwa,56,Ram Vilas Ram,Male,Janata Dal (United),Arrow,265000,7890,0.482,Scheduled Caste,127730,Vidhan Sabha Bypoll (State)
2003,Bihar,Barachatti,57,Krishna Mohan Yadav,Male,Rashtriya Janata Dal,Lantern,243000,6450,0.475,Scheduled Caste,115425,Vidhan Sabha Bypoll (State)
2006,Bihar,Patna West,58,Nitin Navin,Male,Bharatiya Janata Party,Other,320000,15670,0.543,General,173760,Vidhan Sabha Bypoll (State)
2006,Bihar,Bhagalpur,59,Syed Shahnawaz Husain,Male,Bharatiya Janata Party,Other,345000,22100,0.568,General,195960,Vidhan Sabha Bypoll (State)
2007,Bihar,Kurhani,60,Vinod Kumar,Male,Independent,Rising Sun/Other,228000,4230,0.456,General,103968,Vidhan Sabha Bypoll (State)
2009,Bihar,Aurai,1,Surendra Kumar Yadav,Male,Rashtriya Janata Dal,Lantern,245000,8520,0.523,General,128135,Vidhan Sabha Bypoll (State)
2009,Bihar,Bagaha,2,Raghvendra Kumar Singh,Male,Janata Dal (United),Arrow,280000,12340,0.486,General,136080,Vidhan Sabha Bypoll (State)
2009,Bihar,Triveniganj,3,Pramod Kumar,Male,Janata Dal (United),Arrow,260000,9870,0.501,General,130260,Vidhan Sabha Bypoll (State)
2009,Bihar,Warisnagar,4,Viswanath Paswan,Male,Lok Jan Shakti Party,Bungalow,235000,7650,0.478,Scheduled Caste,112330,Vidhan Sabha Bypoll (State)
2009,Bihar,Simri Bakhtiarpur,5,Zafar Alam,Male,Rashtriya Janata Dal,Lantern,220000,6890,0.492,General,108240,Vidhan Sabha Bypoll (State)
2009,Bihar,Araria,6,Vijay Kumar Mandal,Male,Lok Jan Shakti Party,Bungalow,270000,11230,0.514,General,138780,Vidhan Sabha Bypoll (State)
2009,Bihar,Chainpur,7,Brij Kishor Vind,Male,Bharatiya Janata Party,Other,250000,9450,0.465,General,116250,Vidhan Sabha Bypoll (State)
2009,Bihar,Chenari,8,Murari Prasad Gautam,Male,Indian National Congress,Hand,240000,5670,0.489,General,117360,Vidhan Sabha Bypoll (State)
2009,Bihar,Ramgarh,9,Ambika Singh,Male,Rashtriya Janata Dal,Lantern,265000,10120,0.508,General,134620,Vidhan Sabha Bypoll (State)
2009,Bihar,Phulwari Sharif,10,Ramprit Mandal,Male,Janata Dal (United),Arrow,310000,8940,0.532,Scheduled Caste,164920,Vidhan Sabha Bypoll (State)
2009,Bihar,Bodh Gaya,11,Kumar Sarvjeet,Male,Lok Jan Shakti Party,Bungalow,255000,7230,0.471,Scheduled Caste,120105,Vidhan Sabha Bypoll (State)
2009,Bihar,Ghoshi,12,Shanti Sharma,Female,Independent,Rising Sun/Other,230000,4560,0.458,General,105340,Vidhan Sabha Bypoll (State)
2011,Bihar,Laukaha,13,Satish Kumar Sah,Male,Janata Dal (United),Arrow,248000,11450,0.546,General,135408,Vidhan Sabha Bypoll (State)
2011,Bihar,Purnia,14,Kiran Keshri,Female,Bharatiya Janata Party,Other,285000,15230,0.521,General,148485,Vidhan Sabha Bypoll (State)
2011,Bihar,Daraunda,15,Kavita Singh,Female,Janata Dal (United),Arrow,232000,8760,0.495,General,114840,Vidhan Sabha Bypoll (State)
2013,Bihar,Kalyanpur,16,Manju Kumari,Female,Janata Dal (United),Arrow,256000,9340,0.512,Scheduled Caste,131072,Vidhan Sabha Bypoll (State)
2014,Bihar,Narkatiaganj,17,Randhir Kumar Singh,Male,Bharatiya Janata Party,Other,298000,22340,0.558,General,166284,Vidhan Sabha Bypoll (State)
2014,Bihar,Hajipur,18,Awadhesh Kumar Singh,Male,Bharatiya Janata Party,Other,312000,18970,0.545,General,170040,Vidhan Sabha Bypoll (State)
2014,Bihar,Banka,19,Ramnarayan Mandal,Male,Bharatiya Janata Party,Other,275000,16780,0.532,General,146300,Vidhan Sabha Bypoll (State)
2014,Bihar,Mohania,20,Anil Kumar,Male,Bharatiya Janata Party,Other,245000,14560,0.529,Scheduled Caste,129605,Vidhan Sabha Bypoll (State)
2014,Bihar,Rajnagar,21,Md. Istiyaq,Male,Rashtriya Janata Dal,Lantern,268000,8230,0.487,Scheduled Caste,130516,Vidhan Sabha Bypoll (State)
2014,Bihar,Chapra,22,Anil Kumar Sharma,Male,Rashtriya Janata Dal,Lantern,295000,6540,0.479,General,141305,Vidhan Sabha Bypoll (State)
2014,Bihar,Mohiuddinnagar,23,Md. Javed,Male,Rashtriya Janata Dal,Lantern,252000,7890,0.493,General,124236,Vidhan Sabha Bypoll (State)
2014,Bihar,Jale,24,Sudhir Kumar Singh,Male,Janata Dal (United),Arrow,278000,10450,0.506,General,140668,Vidhan Sabha Bypoll (State)
2014,Bihar,Parbatta,25,Vijay Kumar Mandal,Male,Janata Dal (United),Arrow,262000,9870,0.511,General,133882,Vidhan Sabha Bypoll (State)
2014,Bihar,Bhagalpur,26,Ajeet Sharma,Male,Indian National Congress,Hand,340000,5670,0.468,General,159120,Vidhan Sabha Bypoll (State)
2016,Bihar,Harlakhi,27,Sudhanshu Shekhar,Male,Rashtriya Lok Samta Party,Other,263000,12450,0.534,General,140442,Vidhan Sabha Bypoll (State)
2018,Bihar,Jehanabad,28,Kumar Krishna Mohan,Male,Rashtriya Janata Dal,Lantern,310000,18450,0.562,General,174220,Vidhan Sabha Bypoll (State)
2018,Bihar,Bhabua,29,Rinki Rani Pandey,Female,Bharatiya Janata Party,Other,285000,14230,0.548,General,156180,Vidhan Sabha Bypoll (State)
2019,Bihar,Kishanganj,30,Qamrul Hoda,Male,All India Majlis-e-Ittehadul Muslimeen,Other,325000,14560,0.526,General,170950,Vidhan Sabha Bypoll (State)
2019,Bihar,Simri Bakhtiarpur,31,Zafar Alam,Male,Rashtriya Janata Dal,Lantern,228000,8970,0.504,General,114912,Vidhan Sabha Bypoll (State)
2019,Bihar,Belhar,32,Ramdeo Yadav,Male,Rashtriya Janata Dal,Lantern,255000,11230,0.531,General,135405,Vidhan Sabha Bypoll (State)
2019,Bihar,Nathnagar,33,Laxmi Kant Mandal,Male,Janata Dal (United),Arrow,242000,6780,0.489,General,118338,Vidhan Sabha Bypoll (State)
2019,Bihar,Daraunda,34,Karanjeet Singh,Male,Independent,Rising Sun/Other,238000,9120,0.497,General,118286,Vidhan Sabha Bypoll (State)
2019,Bihar,Dehri,35,Satyanarayan Singh,Male,Bharatiya Janata Party,Other,268000,12340,0.524,General,140432,Vidhan Sabha Bypoll (State)
2019,Bihar,Nawada,36,Kaushal Yadav,Male,Janata Dal (United),Arrow,292000,10890,0.518,General,151256,Vidhan Sabha Bypoll (State)
2021,Bihar,Kusheshwar Asthan,37,Aman Bhushan Hajari,Male,Janata Dal (United),Arrow,312000,12540,0.523,General,163176,Vidhan Sabha Bypoll (State)
2021,Bihar,Tarapur,38,Rajeev Kumar Singh,Male,Janata Dal (United),Arrow,298000,14670,0.538,General,160324,Vidhan Sabha Bypoll (State)
2022,Bihar,Mokama,39,Neelam Devi,Female,Rashtriya Janata Dal,Lantern,335000,16780,0.554,General,185590,Vidhan Sabha Bypoll (State)
2022,Bihar,Gopalganj,40,Kusum Devi,Female,Bharatiya Janata Party,Other,310000,13450,0.542,General,168020,Vidhan Sabha Bypoll (State)
2022,Bihar,Bochahan,41,Amar Paswan,Male,Rashtriya Janata Dal,Lantern,275000,18920,0.568,Scheduled Caste,156200,Vidhan Sabha Bypoll (State)
2024,Bihar,Tarari,42,Vishal Prasad,Male,Bharatiya Janata Party,Lotus,295000,15670,0.549,General,161955,Vidhan Sabha Bypoll (State)
2024,Bihar,Ramgarh,43,Manohar Mandal,Male,Bharatiya Janata Party,Lotus,282000,12340,0.536,Scheduled Caste,151152,Vidhan Sabha Bypoll (State)
2024,Bihar,Belaganj,44,Surendra Yadav,Male,Janata Dal (United),Arrow,306000,14890,0.552,General,168912,Vidhan Sabha Bypoll (State)
2024,Bihar,Imamganj,45,Deepa Manjhi,Female,Hindustani Awam Morcha (Secular),Other,268000,11230,0.521,Scheduled Caste,139588,Vidhan Sabha Bypoll (State)
2004,Chhattisgarh,Rajnandgaon,11,Dev Wrat Singh,Male,Indian National Congress,Hand,1163778,14323,0.633,General,736357,Lok Sabha Bypoll (National)
2009,Chhattisgarh,Bastar,10,Dinesh Kashyap,Male,Bharatiya Janata Party,lotus,1194657,54373,0.506,General,604245,Lok Sabha Bypoll (National)
2004,Chhattisgarh,Alakatara,34,Chatram Devagan,Male,Bharatiya Janata Party,lotus,166485,6844,0.587,General,97765,Vidhan Sabha Bypoll (State)
2004,Chhattisgarh,Dongargaon,85,Dr. Raman,Male,Bharatiya Janata Party,lotus,112636,5610,0.712,General,80148,Vidhan Sabha Bypoll (State)
2004,Chhattisgarh,Keshkal,63,Sewak Ram Netam,Male,Bharatiya Janata Party,lotus,146841,7641,0.743,Scheduled Tribe,109160,Vidhan Sabha Bypoll (State)
2004,Chhattisgarh,Khairagarh,88,Komal Janghel,Male,Bharatiya Janata Party,lotus,147608,7769,0.752,General,110995,Vidhan Sabha Bypoll (State)
2004,Chhattisgarh,Kota,25,Dr. Renu Jogi,Female,Indian National Congress,lotus,146323,8001,0.781,General,114308,Vidhan Sabha Bypoll (State)
2004,Chhattisgarh,Malkharoda,38,Nirmal Sinha,Male,Bharatiya Janata Party,lotus,172862,7083,0.585,Not Available,101193,Vidhan Sabha Bypoll (State)
2009,Chhattisgarh,Sanjari Balod,59,Km. Madan Sahu,,Bharatiya Janata Party,lotus,169131,9484,0.801,General,135494,Vidhan Sabha Bypoll (State)
1961,Delhi,New Delhi,1,Sucheta Kriplani,Female,Indian National Congress,Hand,450000,28450,0.528,General,237600,Lok Sabha Bypoll (National)
1985,Delhi,South Delhi,2,Arjun Singh,Male,Independent,Rising Sun/Other,980000,15670,0.453,General,443940,Lok Sabha Bypoll (National)
1992,Delhi,New Delhi,3,Rajesh Khanna,Male,Indian National Congress,Hand,520000,24890,0.546,General,283920,Lok Sabha Bypoll (National)
1997,Delhi,East Delhi,4,Lal Bihari Tiwari,Male,Bharatiya Janata Party,Lotus,543037,Not Available,0.487,General,264550,Lok Sabha Bypoll (National)
1997,Delhi,Sadar,1,Krishan Kumar,Male,Indian National Congress,Hand,125000,8450,0.523,General,65375,Vidhan Sabha Bypoll (State)
2004,Delhi,Baljit Nagar,Not Available,Rajesh Lilothia,Male,Indian National Congress,Hand,Not Available,Not Available,Not Available,General,Not Available,Vidhan Sabha Bypoll (State)
2008,Delhi,Rajouri Garden,2,Dayanand Chandila,Male,Indian National Congress,Hand,145000,6780,0.489,General,70905,Vidhan Sabha Bypoll (State)
2013,Delhi,Ghonda,3,Bharat Singh,Male,Bharatiya Janata Party,Other,168000,12340,0.542,Scheduled Caste,91056,Vidhan Sabha Bypoll (State)
2014,Delhi,Krishna Nagar,4,Kiran Walia,Female,Indian National Congress,Hand,172000,5670,0.468,General,80496,Vidhan Sabha Bypoll (State)
2017,Delhi,Rajouri Garden,5,Manjinder Singh Sirsa,Male,Bharatiya Janata Party,Other,178000,18920,0.564,General,100392,Vidhan Sabha Bypoll (State)
2017,Delhi,Bawana,6,Ram Chander,Male,Aam Aadmi Party,Broom,285000,24560,0.582,Scheduled Caste,165870,Vidhan Sabha Bypoll (State)
2022,Delhi,Rajinder Nagar,7,Durgesh Pathak,Male,Aam Aadmi Party,Broom,165000,11560,0.422,General,69630,Vidhan Sabha Bypoll (State)
1964,Goa,Marcaim,15,Dayanand Bandodkar,Male,Maharashtrawadi Gomantak Party,Lion,21340,5120,0.665,General,14200,Vidhan Sabha Bypoll (State)
1970,Goa,Siroda,17,S. S. Barnable,Male,Maharashtrawadi Gomantak Party,Lion,11842,1230,0.542,General,8940,Vidhan Sabha Bypoll (State)
1999,Goa,Cortalim,27,Mauvin Godinho,Male,Indian National Congress,Hand,24103,2104,0.521,General,12558,Vidhan Sabha Bypoll (State)
2002,Goa,Benaulim,32,Francisco Pacheco,Male,United Goans Party,Hand,21980,1452,0.554,General,12176,Vidhan Sabha Bypoll (State)
2005,Goa,Margao,31,Digambar Kamat,Male,Indian National Congress,Hand,24508,1377,0.536,General,13136,Vidhan Sabha Bypoll (State)
2005,Goa,Taleigao,12,Atanasio Monserrate,Male,Indian National Congress,Hand,22104,1842,0.582,General,12864,Vidhan Sabha Bypoll (State)
2005,Goa,Curchorem,37,Ramkrishna Dhavalikar,Male,Maharashtrawadi Gomantak Party,Lion,23145,1120,0.498,General,11526,Vidhan Sabha Bypoll (State)
2010,Goa,Valpoi,19,Vishwajit Rane,Male,Indian National Congress,Hand,23450,8124,0.724,General,16977,Vidhan Sabha Bypoll (State)
2012,Goa,Cortalim,26,Alina Saldanha,Female,Bharatiya Janata Party,Lotus,26132,Unop.,1,General,-,Vidhan Sabha Bypoll (State)
2017,Goa,Panaji,11,Manohar Parrikar,Male,Bharatiya Janata Party,Lotus,22203,4803,0.647,General,15237,Vidhan Sabha Bypoll (State)
2017,Goa,Valpoi,19,Vishwajit Rane,Male,Bharatiya Janata Party,Lotus,28817,10066,0.702,General,21345,Vidhan Sabha Bypoll (State)
2019,Goa,Mandrem,1,Dayanand Sopte,Male,Bharatiya Janata Party,Lotus,32456,4124,0.564,General,27203,Vidhan Sabha Bypoll (State)
2019,Goa,Mapusa,5,Joshua D'Souza,Male,Bharatiya Janata Party,Lotus,29145,1151,0.489,General,22104,Vidhan Sabha Bypoll (State)
2019,Goa,Shiroda,22,Subhash Shirodkar,Male,Bharatiya Janata Party,Lotus,28942,76,0.431,General,24103,Vidhan Sabha Bypoll (State)
2019,Goa,Panaji,11,Atanasio Monserrate,Male,Indian National Congress,Hand,22408,1758,0.512,General,17246,Vidhan Sabha Bypoll (State)
2002,Jammu & Kashmir,JAMMU,6,CHOWDHARY TALIB HUSSAIN,Male,Jammu & Kashmir National Conference,PLOUGH,1580191,55489,7.619655743,General,728235,Lok Sabha Bypoll (National)
2006,Jammu & Kashmir,RAFIABAD,7,Mohd. Dilawar Mir,Male,Jammu & Kashmir Peoples Democratic Party,INK POT & PEN,67026,8659,17.10554908,General,50621,Lok Sabha Bypoll (National)
2006,Jammu & Kashmir,SANGRAMA,12,SHUIB NABI,Male,Independent,INDEPENDENT,55461,6318,17.99487326,General,35110,Lok Sabha Bypoll (National)
2006,Jammu & Kashmir,PATTAN,15,SHEIKH MUSTAFA KAMAL,Male,Jammu & Kashmir National Conference,PLOUGH,76356,2767,5.254163265,General,52663,Lok Sabha Bypoll (National)
2006,Jammu & Kashmir,BHADERWAH,54,SH. GHULAM NABI AZAD,Male,Independent,INDEPENDENT,91159,58015,87.7300428,General,66129,Lok Sabha Bypoll (National)
2017,Jammu & Kashmir,Srinagar,2,FAROOQ ABDULLAH,Male,Jammu & Kashmir National Conference,PLOUGH,1261817,10776,12.11453497,General,88951,Lok Sabha Bypoll (National)
1997,Jammu & Kashmir,DODA,53,KHALID NAJEEB,Male,Jammu & Kashmir National Conference,PLOUGH,47956,15775,50.31416451,General,31353,Vidhan Sabha Bypoll (State)
1998,Jammu & Kashmir,JAMMU EAST,72,ASHKO KUMAR,Male,Indian National Congress,HAND,71832,6197,25.70729279,General,24106,Vidhan Sabha Bypoll (State)
1999,Jammu & Kashmir,LANGATE,5,MOHD. SULTAN PANDIT,Male,Independent,INDEPENDENT,42426,72,0.417827298,General,17232,Vidhan Sabha Bypoll (State)
1999,Jammu & Kashmir,BIJBEHERA,45,ABDUL REHMAN,Male,Independent,Independent,54547,1250,14.50116009,General,8620,Vidhan Sabha Bypoll (State)
2003,Jammu & Kashmir,PAMPORE,32,ZAHOOR AHMAD MIR,Male,Jammu & Kashmir Peoples Democratic Party,INK POT & PEN,51688,12782,65.77809798,General,19432,Vidhan Sabha Bypoll (State)
2004,Jammu & Kashmir,BATMALOO,25,TARIQ AHMED KARA,Male,Jammu & Kashmir Peoples Democratic Party,INK POT & PEN,106131,3268,26.26376276,General,12443,Vidhan Sabha Bypoll (State)
2004,Jammu & Kashmir,PAHALGAM,46,MUFTI MOHAMMAD SAYEED,Male,Jammu & Kashmir Peoples Democratic Party,INK POT & PEN,64121,5174,37.29009009,General,13875,Vidhan Sabha Bypoll (State)
2004,Jammu & Kashmir,BASOLHI,64,KANTA ANDOTRA,Male,Indian National Congress,HAND,71915,3779,8.793075366,General,42977,Vidhan Sabha Bypoll (State)
2004,Jammu & Kashmir,AKHNOOR,79,SHAM LAL SHARMA,Male,Indian National Congress,HAND,85878,3576,6.466312249,General,55302,Vidhan Sabha Bypoll (State)
2007,Jammu & Kashmir,POONCH(HAVELI),87,Jahangir Hussain (E),Male,Indian National Congress,HAND,97024,4398,6.616717819,General,66468,Vidhan Sabha Bypoll (State)
2009,Jammu & Kashmir,SONWAR,24,Md.Yasin Shah,Male,Jammu & Kashmir National Conference,PLOUGH,69235,50,0.254103776,General,19677,Vidhan Sabha Bypoll (State)
2009,Jammu & Kashmir,HAZRATBAL,18,S. M. kamal,Male,Jammu & Kashmir National Conference,PLOUGH,87326,1552,8.933916647,General,17372,Vidhan Sabha Bypoll (State)
2009,Jammu & Kashmir,BHADERWAH,54,Md.  Sharief Niaz,Male,Indian National Congress,HAND,94208,2747,5.163533835,General,53200,Vidhan Sabha Bypoll (State)
2016,Jammu & Kashmir,ANANTNAG,40,Mehbooba Mufti (E),Female,Jammu & Kashmir Peoples Democratic Party,Haldhar within wheel,84124,12085,43.01783362,General,28093,Vidhan Sabha Bypoll (State)
2025,Jammu & Kashmir,NAGROTA,77,DEVYANI RANA,Female,Bharatiya Janata Party,LOTUS,99494,24522,33.37052964,General,73484,Vidhan Sabha Bypoll (State)
2025,Jammu & Kashmir,BUDGAM,27,AGA SYED MUNTAZIR MEHDI,Male,Jammu & Kashmir Peoples Democratic Party,INK POT & PEN,126276,4476,7.155303333,General,62555,Vidhan Sabha Bypoll (State)
2004,Jharkhand,Jamshedpur,9,Suman Mahato (E),Female,Jharkhand Mukti Morcha,Bow and arrow,1396230,105633,0.459,General,641038,Lok Sabha Bypoll (National)
2004,Jharkhand,Koderma,5,Babu Lal Marandi,Male,Bharatiya Janata Party,lotus,1349091,154944,0.562,General,758347,Lok Sabha Bypoll (National)
2004,Jharkhand,Palamu,13,Dhuran Ram,Male,Rashtriya Janata Dal,lantern,1366537,22327,0.498,General,681173,Lok Sabha Bypoll (National)
2009,Jharkhand,Jamshedpur,9,Ajay Kumar,Male,Jharkhand Vikas Morcha (Prajatantrik),Comb,1397897,119663,0.529,General,740003,Lok Sabha Bypoll (National)
2005,Jharkhand,Daltonganj,76,Inder Singh Namdhari,Male,Independent,NA,253690,9595,0.54,General,137077,Vidhan Sabha Bypoll (State)
2005,Jharkhand,Simaria,26,Ramchandra Ram - 'e',Male,Communist Party of India,Sickle and Wheat,243085,8168,0.48,Not Available,116689,Vidhan Sabha Bypoll (State)
2009,Jharkhand,Hatia,64,N. Jaiswal (E),Male,All Jharkhand Students Union Party,Banana,402578,10681,0.379,General,152590,Vidhan Sabha Bypoll (State)
2009,Jharkhand,Kharawan,57,Arjun Munda,Male,Bharatiya Janata Party,lotus,154880,7817,0.721,Scheduled Tribe,111671,Vidhan Sabha Bypoll (State)
2009,Jharkhand,Mandu,24,J.P.B. Patel,Male,Jharkhand Mukti Morcha,Bow & Arrow,298577,11725,0.561,General,167504,Vidhan Sabha Bypoll (State)
1997,Madhya Pradesh,CHHINDWARA,27,SUNDERLAL PATWA,Male,Bharatiya Janata Party,LOTUS,996033,37680,5.464996033,General,689479,Lok Sabha Bypoll (National)
2002,Madhya Pradesh,GUNA,4,JYOTIRADITYA MADHAVRAO SCINDIA,Male,Indian National Congress,HAND,1287191,406568,56.37210179,General,721222,Lok Sabha Bypoll (National)
2006,Madhya Pradesh,VIDISHA,20,RAMPAL SINGH,Male,Bharatiya Janata Party,LOTUS,1315386,85087,13.56575614,General,627219,Lok Sabha Bypoll (National)
2007,Madhya Pradesh,GWALIOR,3,Yashodhara  Raje Scindhia,Female,Bharatiya Janata Party,LOTUS,1378757,36474,6.392117895,General,570609,Lok Sabha Bypoll (National)
2007,Madhya Pradesh,SIDDHI,10,Shri Manik Singh,Male,Indian National Congress,HAND,1091008,1586,0.263465653,General,601976,Lok Sabha Bypoll (National)
2008,Madhya Pradesh,BETUL,17,Khandelwal Hemant Vijay Kumar,Male,Bharatiya Janata Party,LOTUS,1090804,35442,5.402340374,General,656049,Lok Sabha Bypoll (National)
2008,Madhya Pradesh,KHARGON,24,Arun Suchash Chandra Yadav,Male,Indian National Congress,HAND,1291829,118638,15.43423168,General,768668,Lok Sabha Bypoll (National)
2015,Madhya Pradesh,JHABUA,24,Kantilal Bhuria,Male,Indian National Congress,HAND,1743178,88832,8.500092338,Scheduled Tribe,1045071,Lok Sabha Bypoll (National)
2016,Madhya Pradesh,SHAHDOL,12,"Gyan Singh Ë""",Male,Bharatiya Janata Party,LOTUS,1601187,60383,5.652013161,Scheduled Tribe,1068345,Lok Sabha Bypoll (National)
2021,Madhya Pradesh,KHANDWA,20,GYANESHWAR PATIL,Male,Bharatiya Janata Party,LOTUS,1968805,82140,6.54533806,General,1254939,Lok Sabha Bypoll (National)
1970,Manipur,Inner Manipur,1,R.K. Dorendra Singh,Male,Communist Party of India,Corn and Sickel,272699,12516,0.463,General,189743,Lok Sabha Bypoll (National)
2001,Manipur,Outer Manipur,2,Holkhomang Haokip,Male,Nationalist Congress Party,Clock,737402,111441,0.5474,Scheduled Tribe,538920,Lok Sabha Bypoll (National)
1978,Manipur,Heingang,2,L.N. Singh,Male,Independent,Free Symbol,19576,1269,0.1091,General,11631,Vidhan Sabha Bypoll (State)
1981,Manipur,Tamenglong,53,J. Panmei,Male,Independent,Free Symbol,14800,415,0.0415,Scheduled Tribe,10011,Vidhan Sabha Bypoll (State)
1991,Manipur,Singjamei,13,I.H. Singh,Male,Indian National Congress,Hand,12561,1348,0.1036,General,13014,Vidhan Sabha Bypoll (State)
1991,Manipur,Oinam,25,K.A. Devi,Female,Indian National Congress,Hand,15531,1621,0.1954,General,15755,Vidhan Sabha Bypoll (State)
1995,Manipur,Khundrakpam,1,Konjengbam Binoy,Male,Manipur Peoples Party,Bicycle,18146,3099,0.4061,General,15857,Vidhan Sabha Bypoll (State)
2017,Manipur,Saikul,46,Yamthong Haokip,Male,Indian National Congress,Hand,36750,3261,0.358,Scheduled Tribe,32596,Vidhan Sabha Bypoll (State)
2017,Manipur,Singhat,60,Ginsuanhau,Male,Indian National Congress,Hand,26081,1162,0.527,Scheduled Tribe,21577,Vidhan Sabha Bypoll (State)
2017,Manipur,Tamenglong,53,Samuel Jendai Kamei,Male,Bharatiya Janata Party,Lotus,31525,2004,0.544,Scheduled Tribe,24037,Vidhan Sabha Bypoll (State)
2017,Manipur,Oinam,25,Laishram Radhakishore Singh,Male,Bharatiya Janata Party,Lotus,28103,843,0.4907,General,24514,Vidhan Sabha Bypoll (State)
2020,Manipur,Wangoi,22,Oinam Lukhoi Singh,Male,Bharatiya Janata Party,Lotus,28828,257,0.4021,General,27254,Vidhan Sabha Bypoll (State)
2020,Manipur,Lilong,30,Y. Antas Khan,Male,Independent,Free Symbol,32398,3078,0.5105,General,29567,Vidhan Sabha Bypoll (State)
2020,Manipur,Wangjing Tentha,34,Paonam Brojen Singh,Male,Bharatiya Janata Party,Lotus,33398,1513,0.5201,General,29460,Vidhan Sabha Bypoll (State)
2020,Manipur,Saitu,51,Ngamthang Haokip,Male,Bharatiya Janata Party,Lotus,40210,12257,0.7308,Scheduled Tribe,36375,Vidhan Sabha Bypoll (State)
2020,Manipur,Singhat,60,Ginsuanhau Zou,Male,Bharatiya Janata Party,Lotus,27995,Uncontested,Uncontested,Scheduled Tribe,Uncontested,Vidhan Sabha Bypoll (State)
2022,Manipur,Thongju,5,T. Biswajit Singh,Male,Bharatiya Janata Party,Lotus,31987,6719,0.522,General,29481,Vidhan Sabha Bypoll (State)
2022,Manipur,Keishamthong,12,Sapam Nishikant Singh,Male,Independent,Free Symbol,26163,187,0.346,General,24015,Vidhan Sabha Bypoll (State)
1972,Meghalaya,Tura,2,K. R. Marak,Male,All Party Hill Leaders Conference,Flower,142124,12412,0.614,Scheduled Tribe,87264,Lok Sabha Bypoll (National)
1989,Meghalaya,Tura,2,Sanford Marak,Male,Indian National Congress,Hand,298412,22145,0.542,Scheduled Tribe,161739,Lok Sabha Bypoll (National)
2006,Meghalaya,Tura,2,P. A. Sangma,Male,Nationalist Congress Party,Clock,432124,101162,0.703,Scheduled Tribe,303783,Lok Sabha Bypoll (National)
2008,Meghalaya,Tura,2,Agatha Sangma,Female,Nationalist Congress Party,Clock,482142,17945,0.451,Scheduled Tribe,217446,Lok Sabha Bypoll (National)
2016,Meghalaya,Tura,2,Conrad Sangma,Male,National People's Party,Book,582412,192212,0.682,Scheduled Tribe,397205,Lok Sabha Bypoll (National)
2018,Meghalaya,South Tura,51,Conrad Sangma,Male,National People's Party,Book,30124,8421,0.7289,Scheduled Tribe,21984,Vidhan Sabha Bypoll (State)
2018,Meghalaya,Ranikor,35,Pius Marwein,Male,United Democratic Party,Drum,28412,3396,0.824,Scheduled Tribe,23412,Vidhan Sabha Bypoll (State)
2019,Meghalaya,Shella,26,Balajied Kupar,Male,United Democratic Party,Drum,29124,6221,0.852,Scheduled Tribe,24812,Vidhan Sabha Bypoll (State)
2021,Meghalaya,Mawryngkneng,13,Pyniaid Sing,Male,National People's Party,Book,32124,1816,0.751,Scheduled Tribe,24124,Vidhan Sabha Bypoll (State)
2021,Meghalaya,Mawphlang,15,Eugeneson Lyngdoh,Male,United Democratic Party,Drum,31412,4401,0.769,Scheduled Tribe,24152,Vidhan Sabha Bypoll (State)
2021,Meghalaya,Rajabala,47,Abdur Saleh,Male,National People's Party,Book,34124,1927,0.9063,General,30912,Vidhan Sabha Bypoll (State)
2024,Meghalaya,Gambegre,52,Mehtab Chandee,Female,National People's Party,Book,31214,4594,0.904,Scheduled Tribe,28214,Vidhan Sabha Bypoll (State)
2018,Nagaland,Nagaland,1,Tokheho Yepthomi,Male,Nationalist Democratic Progressive Party,Globe,"11,97,436",594205,58.45%,Scheduled Tribe,"10,16,513",Lok Sabha Bypoll (National)
1971,Nagaland,Peren,5,Kielu,Male,Naga National Organization,Mithun,4850,223,0.5223,Scheduled Tribe,3487,Vidhan Sabha Bypoll (State)
1971,Nagaland,Chazouba,16,N. Theyo,Male,Naga National Organization,Mithun,6420,352,0.5391,Scheduled Tribe,4494,Vidhan Sabha Bypoll (State)
1971,Nagaland,Mongoya,23,C. Jamir,Male,Naga National Organization,Mithun,5431,454,0.4108,Scheduled Tribe,3968,Vidhan Sabha Bypoll (State)
1980,Nagaland,Wakching,42,P. Enyei,Male,Independent,Free Symbol,8973,9,0.5006,Scheduled Tribe,6825,Vidhan Sabha Bypoll (State)
1984,Nagaland,Tuensang Sadar,53,Changkong,Male,Indian National Congress,Hand,11234,1005,0.5578,Scheduled Tribe,8695,Vidhan Sabha Bypoll (State)
1987,Nagaland,Dimapur-I,1,Hokishe,Male,Indian National Congress,Hand,30511,8930,0.7233,General,19984,Vidhan Sabha Bypoll (State)
1994,Nagaland,Western Angami,8,N.T. Nakhro,Male,Indian National Congress,Hand,9871,575,0.5388,Scheduled Tribe,7405,Vidhan Sabha Bypoll (State)
1995,Nagaland,Tehok,45,W. Wangyuh,Male,Indian National Congress,Hand,13842,8354,0.825,Scheduled Tribe,12858,Vidhan Sabha Bypoll (State)
2011,Nagaland,Aonglenden,26,Toshipokba,Male,Naga People's Front,Rooster,12806,1320,0.5589,Scheduled Tribe,11210,Vidhan Sabha Bypoll (State)
2018,Nagaland,Northern Angami-II,11,Neiphiu Rio,Male,Nationalist Democratic Progressive Party,Globe,21006,Uncontested,Uncontested,Scheduled Tribe,Uncontested,Vidhan Sabha Bypoll (State)
1969,Puducherry,Puducherry,1,M. O. H. Farook,Male,Indian National Congress,Hand,260000,27000,0.55,General,180000,Lok Sabha Bypoll (National)
1997,Puducherry,Puducherry,1,M. O. H. Farook,Male,Indian National Congress,Hand,550000,70000,0.6,General,380000,Lok Sabha Bypoll (National)
1970,Tripura,Tripura West,1,B. Bhowmik,Male,Communist Party of India (Marxist),"Hammer, Sickle & Star",312412,18412,0.521,General,162766,Lok Sabha Bypoll (National)
1990,Tripura,Tripura West,1,Santosh Mohan Dev,Male,Indian National Congress,Hand,742816,212154,0.882,General,655163,Lok Sabha Bypoll (National)
2002,Tripura,Tripura West,1,Khagen Das,Male,Communist Party of India (Marxist),"Hammer, Sickle & Star",914212,421113,0.742,General,678345,Lok Sabha Bypoll (National)
1996,Tripura,Santirbazar,36,Narayan R,Male,Communist Party of India (Marxist),"Hammer, Sickle & Star",23283,4307,0.5345,Scheduled Tribe,19564,Vidhan Sabha Bypoll (State)
1996,Tripura,Kanchanpur,60,B Induram,Male,Communist Party of India (Marxist),"Hammer, Sickle & Star",20451,3348,0.4838,Scheduled Tribe,16342,Vidhan Sabha Bypoll (State)
2001,Tripura,Banamalipur,9,Prasanta K,Male,Communist Party of India,Ear of Corn & Sickle,22812,1542,0.512,General,18142,Vidhan Sabha Bypoll (State)
2012,Tripura,Nalchar,21,Tapan Chandra Das,Male,Communist Party of India (Marxist),"Hammer, Sickle & Star",25643,3820,0.9345,Scheduled Caste,23982,Vidhan Sabha Bypoll (State)
2014,Tripura,Manu,40,Prabhat Chowdhury,Male,Communist Party of India (Marxist),"Hammer, Sickle & Star",38941,15971,0.931,Scheduled Tribe,36215,Vidhan Sabha Bypoll (State)
2015,Tripura,Pratapgarh,6,Ramu Das,Male,Communist Party of India (Marxist),"Hammer, Sickle & Star",50214,17326,0.9251,Scheduled Caste,46312,Vidhan Sabha Bypoll (State)
2015,Tripura,Surma,24,Anjan Das,Male,Communist Party of India (Marxist),"Hammer, Sickle & Star",42311,15309,0.9182,Scheduled Caste,38812,Vidhan Sabha Bypoll (State)
2016,Tripura,Amarpur,32,Parimal Debnath,Male,Communist Party of India (Marxist),"Hammer, Sickle & Star",38912,10597,0.9124,General,35412,Vidhan Sabha Bypoll (State)
2016,Tripura,Barjala,4,Jhumu Sarkar,Female,Communist Party of India (Marxist),"Hammer, Sickle & Star",39214,3374,0.8765,Scheduled Caste,34212,Vidhan Sabha Bypoll (State)
2016,Tripura,Khowai,27,Biswajit Dutta,Male,Communist Party of India (Marxist),"Hammer, Sickle & Star",37924,16047,0.9372,General,35512,Vidhan Sabha Bypoll (State)
2019,Tripura,Badharghat,7,Mimi Majumder,Female,Bharatiya Janata Party,Lotus,57412,5276,0.792,Scheduled Caste,45412,Vidhan Sabha Bypoll (State)
2022,Tripura,Agartala,6,Sudip Roy Barman,Male,Indian National Congress,Hand,51412,3163,0.7827,General,40241,Vidhan Sabha Bypoll (State)
2022,Tripura,Town Bordowali,8,Manik Saha,Male,Bharatiya Janata Party,Lotus,46214,6104,0.715,General,33124,Vidhan Sabha Bypoll (State)
2022,Tripura,Surma,46,Swapna Das,Female,Bharatiya Janata Party,Lotus,44214,4583,0.8302,Scheduled Caste,36712,Vidhan Sabha Bypoll (State)
2022,Tripura,Jubarajnagar,57,Malina Debnath,Female,Bharatiya Janata Party,Lotus,41214,4572,0.8348,General,34412,Vidhan Sabha Bypoll (State)
2023,Tripura,Boxanagar,20,Tafajjal Hossain,Male,Bharatiya Janata Party,Lotus,38124,30237,0.892,General,34012,Vidhan Sabha Bypoll (State)
2023,Tripura,Dhanpur,23,Bindu Debnath,Male,Bharatiya Janata Party,Lotus,41214,18871,0.841,General,34612,Vidhan Sabha Bypoll (State)
2024,Tripura,Ramnagar,7,Dipak Majumder,Male,Bharatiya Janata Party,Lotus,45124,18014,0.813,General,36612,Vidhan Sabha Bypoll (State)
